,Unnamed: 0,Código,Nome,Cota (m),Afluência (m³/s),Defluência (m³/s),Vazão Vertida (m³/s),Vazão Turbinada (m³/s),Vazão Natural (m³/s),Volume Útil (%),Vazão Incremental (m³/s),Data da Medição,data,PG,h2,PGreglin,PGregpol3,erroreglin,erroregpol
152,152,19120,QUEIMADO,827.99,15.49,21,0,21,17.79,90.89,,02/06/2022,2022-06-02,29.3220833333333,663.492275648424,30.502103663982567,30.478674059324586,1.180020330649267,1.1565907259912862
153,153,19120,QUEIMADO,827.97,15.13,23,0,23,17.81,90.77,,03/06/2022,2022-06-03,32.6417916666667,660.772215662371,33.66440359904625,33.71274194846973,1.0226119323795544,1.0709502818030288
154,154,19120,QUEIMADO,827.96,14.7,21,0,21,17.61,90.61,,04/06/2022,2022-06-04,29.1999166666667,664.147634135058,30.495920814874427,30.472491210216447,1.2960041482077287,1.272574543549748
155,155,19120,QUEIMADO,827.93,14.92,22,0,22,17.47,90.42,,05/06/2022,2022-06-05,30.7070416666667,663.492955332121,32.06817475944145,32.077485260792,1.3611330927747467,1.3704435941253017
156,156,19120,QUEIMADO,827.92,14.7,21,0,21,17.39,90.28,,06/06/2022,2022-06-06,29.653875,661.560914929097,30.48863388556841,30.46520428091043,0.8347588855684123,0.8113292809104315
157,157,19120,QUEIMADO,827.9,14.49,20,0,20,17.24,90.15,,07/06/2022,2022-06-07,29.7335833333333,652.753436349435,28.92091250950694,28.87124751901805,0.8126708238263589,0.8623358143152515
158,158,19120,QUEIMADO,827.89,14.49,20,0,20,16.74,90.03,,08/06/2022,2022-06-08,29.7684166666667,652.538249555585,28.91838889762606,28.868723907137166,0.8500277690406399,0.8996927595295325
159,159,19120,QUEIMADO,827.87,13.25,21,0,21,16.28,89.86,,09/06/2022,2022-06-09,29.92275,660.002518505411,30.479359611906215,30.455930007248234,0.5566096119062145,0.5331800072482338
160,160,19120,QUEIMADO,827.85,13.13,21,0,21,15.82,89.69,,10/06/2022,2022-06-10,29.2655416666667,663.669476012122,30.475605739233412,30.452176134575435,1.2100640725667127,1.1866344679087355
161,161,19120,QUEIMADO,827.83,13.94,21,0,21,16.33,89.49,,11/06/2022,2022-06-11,29.0577916666667,664.814959441302,30.47118941844189,30.447759813783914,1.413397751775193,1.3899681471172158
162,162,19120,QUEIMADO,827.81,13.22,21,0,21,16.32,89.32,,12/06/2022,2022-06-12,29.0937916666667,664.592998413863,30.467435545769092,30.44400594111111,1.3736438791023922,1.3502142744444114
163,163,19120,QUEIMADO,827.78,13.2,21,0,21,15.8,89.11,,13/06/2022,2022-06-13,29.2832916666667,663.499898005537,30.46279840893798,30.439368804280008,1.1795067422712826,1.156077137613309
164,164,19120,QUEIMADO,827.76,13.18,21,0,21,15.82,88.94,,14/06/2022,2022-06-14,29.3296666666667,663.219732931996,30.459044536265203,30.435614931607223,1.1293778695985033,1.1059482649405226
165,165,19120,QUEIMADO,827.74,12.46,21,0,21,15.31,88.75,,15/06/2022,2022-06-15,29.6185416666667,661.57913593751,30.45484903151325,30.43141942685527,0.8363073648465473,0.8128777601885702
166,166,19120,QUEIMADO,827.72,12.46,21,0,21,15.35,88.56,,16/06/2022,2022-06-16,28.65825,666.946399594212,30.45065352676129,30.427223922103316,1.7924035267612908,1.7689739221033172
167,167,19120,QUEIMADO,827.7,13.25,21,0,21,15.05,88.39,,17/06/2022,2022-06-17,29.4750833333333,662.343941281808,30.446899654088494,30.423470049430513,0.9718163207551953,0.9483867160972146
168,168,19120,QUEIMADO,827.68,11.46,20,0,20,14.74,88.2,,18/06/2022,2022-06-18,28.9609583333333,657.084607065169,28.879903816442788,28.83023882595389,0.0810545168905108,0.13071950737940696
169,169,19120,QUEIMADO,827.66,12.25,20,0,20,14.51,88.01,,19/06/2022,2022-06-19,29.2713333333333,655.236333826669,28.8759080976314,28.82624310714251,0.39542523570190014,0.4450902261907892
170,170,19120,QUEIMADO,827.63,11.67,21,0,21,14.58,87.8,,20/06/2022,2022-06-20,28.574,667.329044498705,30.433871507753494,30.410441903095517,1.8598715077534926,1.8364419030955155
171,171,19120,QUEIMADO,827.61,11.57,20,0,20,14.17,87.62,,21/06/2022,2022-06-21,29.355,654.693492819432,28.867706359018563,28.818041368529673,0.4872936409814379,0.536958631470327
172,172,19120,QUEIMADO,827.58,10.95,21,0,21,14.22,87.39,,22/06/2022,2022-06-22,29.4245833333333,662.507247723076,30.424818050130867,30.401388445472886,1.0002347167975678,0.9768051121395871
173,173,19120,QUEIMADO,827.56,11.72,21,0,21,14.33,87.22,,23/06/2022,2022-06-23,29.7862083333333,660.458521152307,30.42106417745808,30.397634572800104,0.6348558441247825,0.6114262394668053
174,174,19120,QUEIMADO,827.54,11.05,21,0,21,14.11,87.0,,24/06/2022,2022-06-24,29.558,661.718776415368,30.416206224587405,30.39277661992943,0.8582062245874056,0.8347766199294284
175,175,19120,QUEIMADO,827.51,10.98,21,0,21,13.92,86.78,,25/06/2022,2022-06-25,29.474125,662.159317559158,30.41134827171671,30.38791866705873,0.9372232717167108,0.9137936670587301
176,176,19120,QUEIMADO,827.49,11.07,21,0,21,13.92,86.56,,26/06/2022,2022-06-26,28.9617083333333,665.013989683518,30.406490318846036,30.383060714188055,1.444781985512737,1.4213523808547563
177,177,19120,QUEIMADO,827.46,10.95,21,0,21,13.97,86.33,,27/06/2022,2022-06-27,29.8015833333333,660.272266963505,30.40141154993579,30.377981945277813,0.5998282166024893,0.5763986119445121
178,178,19120,QUEIMADO,827.43,11.07,21,0,21,14.0,86.11,,28/06/2022,2022-06-28,29.3133333333333,662.981363398149,30.396553597065115,30.373123992407137,1.083220263731814,1.0597906590738368
179,179,19120,QUEIMADO,827.41,11.07,21,0,21,13.82,85.89,,29/06/2022,2022-06-29,29.0189166666667,664.613049300793,30.39169564419444,30.36826603953646,1.3727789775277373,1.34934937286976
180,180,19120,QUEIMADO,827.38,10.31,21,0,21,13.71,85.66,,30/06/2022,2022-06-30,28.898375,665.25929149105,30.38661687528418,30.3631872706262,1.488241875284178,1.4648122706261972
181,181,19120,QUEIMADO,827.35,10.66,22,0,22,13.56,85.41,,01/07/2022,2022-07-01,30.5025833333333,664.007835277119,31.95227788381243,31.961588385162994,1.4496945504791334,1.4590050518296955
182,182,19120,QUEIMADO,827.32,10.54,22,0,22,13.45,85.15,,02/07/2022,2022-07-02,30.9391666666667,661.639919633408,31.946263275496353,31.95557377684692,1.0070966088296522,1.016407110180218
183,183,19120,QUEIMADO,827.29,9.89,22,0,22,13.36,84.88,,03/07/2022,2022-07-03,30.4554166666667,664.200414062066,31.940017336091184,31.949327837441746,1.4846006694244842,1.4939111707750463
184,184,19120,QUEIMADO,827.26,10.31,21,0,21,13.09,84.65,,04/07/2022,2022-07-04,29.2308333333333,663.274190752697,30.36431445528698,30.340884850629,1.133481121953679,1.1100515172956982
185,185,19120,QUEIMADO,827.23,9.66,21,0,21,13.24,84.39,,05/07/2022,2022-07-05,29.5662916666667,661.362259928724,30.358573238257996,30.335143633600016,0.7922815715912961,0.7688519669333154
186,186,19120,QUEIMADO,827.21,10.21,20,0,20,13.46,84.21,,06/07/2022,2022-07-06,27.9355416666667,662.654854668805,28.795993721403804,28.746328730914918,0.8604520547371024,0.8107870642482169
187,187,19120,QUEIMADO,827.18,10.16,20,0,20,13.18,83.99,,07/07/2022,2022-07-07,27.110875,667.482578381571,28.79136709962221,28.74170210913332,1.6804920996222101,1.630827109133321
188,188,19120,QUEIMADO,827.15,9.49,20,0,20,13.04,83.76,,08/07/2022,2022-07-08,27.3855833333333,665.834400711893,28.78653017685053,28.73686518636164,1.4009468435172288,1.3512818530283397
189,189,19120,QUEIMADO,827.12,9.7,21,0,21,12.94,83.51,,09/07/2022,2022-07-09,30.7419583333333,654.656736375225,30.339141426775296,30.31571182211731,0.40281690655800517,0.42624651121598944
190,190,19120,QUEIMADO,827.09,9.77,21,0,21,13.04,83.26,,10/07/2022,2022-07-10,30.2249583333333,657.527121130393,30.333621025785874,30.310191421127893,0.10866269245257243,0.08523308779459171
191,191,19120,QUEIMADO,827.06,9.03,21,0,21,12.46,82.94,,11/07/2022,2022-07-11,29.050125,664.087969660108,30.32655491251943,30.30312530786145,1.2764299125194292,1.2530003078614484
192,192,19120,QUEIMADO,827.03,9.31,22,1,21,12.71,82.74,,12/07/2022,2022-07-12,29.7377083333333,660.200607536496,30.440943733799543,30.449831030543255,0.7032354004662444,0.7121226972099564
193,193,19120,QUEIMADO,827.0,9.01,21,0,21,12.46,82.48,,13/07/2022,2022-07-13,26.976625,675.66036383775,30.316397374698923,30.292967770040942,3.3397723746989243,3.3163427700409436
194,194,19120,QUEIMADO,826.97,8.89,20,0,20,12.26,82.23,,14/07/2022,2022-07-14,30.8515416666667,645.238069285105,28.754354125369417,28.70468913488053,2.0971875412972842,2.1468525317861697
195,195,19120,QUEIMADO,826.94,8.63,19,0,19,12.12,82.0,,15/07/2022,2022-07-15,28.8614583333333,647.98285768093,27.204550975831616,27.135245164564424,1.6569073575016837,1.7262131687688758
196,196,19120,QUEIMADO,826.91,8.56,19,0,19,12.22,81.72,,16/07/2022,2022-07-16,28.8045416666667,648.305772765793,27.198956969495683,27.129651158228487,1.6055846971710181,1.6748905084382137
197,197,19120,QUEIMADO,826.87,8.41,21,0,21,12.25,81.44,,17/07/2022,2022-07-17,30.894375,653.551674525256,30.293432506583006,30.270002901925025,0.6009424934169942,0.624372098074975
198,198,19120,QUEIMADO,826.85,9.37,19,0,19,12.16,81.23,,18/07/2022,2022-07-18,29.567,643.51810575414,27.189167458407805,27.119861647140613,2.377832541592195,2.447138352859387
199,199,19120,QUEIMADO,826.82,8.26,20,0,20,12.32,80.97,,19/07/2022,2022-07-19,30.170875,649.097556682626,28.727856200620266,28.678191210131374,1.4430187993797325,1.4926837898686252
200,200,19120,QUEIMADO,826.79,8.89,20,0,20,12.21,80.72,,20/07/2022,2022-07-20,29.4102916666667,653.547795600008,28.722598675868454,28.67293368537957,0.6876929907982472,0.7373579812871327
201,201,19120,QUEIMADO,826.76,9.0,20,0,20,12.2,80.48,,21/07/2022,2022-07-21,29.4330416666667,653.38378604326,28.71755145210671,28.667886461617826,0.7154902145599884,0.7651552050488739
202,202,19120,QUEIMADO,826.72,8.22,20,0,20,12.01,80.21,,22/07/2022,2022-07-22,30.177,648.961477186578,28.711873325374743,28.66220833488585,1.4651266746252567,1.5147916651141493
203,203,19120,QUEIMADO,826.7,8.29,20,0,20,11.76,80.0,,23/07/2022,2022-07-23,29.196,654.720087084181,28.707457004583226,28.65779201409434,0.4885429954167755,0.538207985905661
204,204,19120,QUEIMADO,826.67,8.29,20,0,20,11.82,79.74,,24/07/2022,2022-07-24,29.2478333333333,654.384761280893,28.701989178841337,28.65232418835245,0.545844154491963,0.5955091449808521
205,205,19120,QUEIMADO,826.64,8.38,20,0,20,11.85,79.52,,25/07/2022,2022-07-25,29.2719583333333,654.21265224544,28.69736255705974,28.647697566570855,0.5745957762735578,0.6242607667624434
206,206,19120,QUEIMADO,826.6,7.64,20,0,20,11.59,79.21,,26/07/2022,2022-07-26,29.754375,651.330962413871,28.690843226367477,28.641178235878584,1.0635317736325227,1.1131967641214153
207,207,19120,QUEIMADO,826.56,8.22,25,0,25,11.61,78.85,,27/07/2022,2022-07-27,37.88175,648.045133138819,36.561263953118214,36.70501764623656,1.3204860468817827,1.176732353763434
208,208,19120,QUEIMADO,826.52,7.64,20,0,20,11.72,78.58,,28/07/2022,2022-07-28,31.3969166666667,641.575521504365,28.67759426399292,28.627929273504023,2.7193224026737823,2.7689873931626785
209,209,19120,QUEIMADO,826.49,8.64,21,0,21,11.56,78.34,,29/07/2022,2022-07-29,29.92325,658.619713491141,30.224979534314368,30.201549929656387,0.30172953431436866,0.27829992965638795
210,210,19120,QUEIMADO,826.46,7.75,20,0,20,11.82,78.08,,30/07/2022,2022-07-30,29.5586666666667,652.343788216158,28.667079214489284,28.61741422400039,0.891587452177415,0.9412524426663076
211,211,19120,QUEIMADO,826.43,8.43,20,0,20,11.53,77.81,,31/07/2022,2022-07-31,29.7648333333333,651.099357287967,28.661401087757312,28.61173609726842,1.1034322455759877,1.1530972360648803
212,212,19120,QUEIMADO,826.39,7.71,20,0,20,11.3,77.54,,01/08/2022,2022-08-01,30.1655,648.699218281199,28.655722961025354,28.60605797053647,1.5097770389746472,1.5594420294635327
213,213,19120,QUEIMADO,826.36,7.06,20,0,20,11.1,77.25,,02/08/2022,2022-08-02,28.9349583333333,655.917760844311,28.649624232313258,28.59995924182437,0.285334101020041,0.33499909150893004
214,214,19120,QUEIMADO,826.32,7.8,20,0,20,11.37,76.99,,03/08/2022,2022-08-03,29.4809583333333,652.661531482342,28.64415640657137,28.594491416082477,0.8368019267619324,0.886466917250825
215,215,19120,QUEIMADO,826.29,7.8,20,0,20,11.19,76.72,,04/08/2022,2022-08-04,29.4223333333333,652.976863801656,28.638478279839394,28.588813289350504,0.7838550534939053,0.8335200439827943
216,216,19120,QUEIMADO,826.25,7.2,20,0,20,11.19,76.44,,05/08/2022,2022-08-05,29.81675,650.613540607181,28.63258985211736,28.582924861628463,1.1841601478826398,1.233825138371536
217,217,19120,QUEIMADO,826.22,7.8,20,0,20,11.24,76.17,,06/08/2022,2022-08-06,30.5215416666667,646.431944174207,28.6269117253854,28.577246734896512,1.8946299412812984,1.9442949317701874
218,218,19120,QUEIMADO,826.19,7.92,20,0,20,11.01,75.9,,07/08/2022,2022-08-07,30.2091666666667,648.241998472641,28.62123359865345,28.57156860816456,1.5879330680132497,1.6375980585021388
219,219,19120,QUEIMADO,826.15,6.5,20,0,20,10.84,75.6,,08/08/2022,2022-08-08,29.5187083333333,652.269163976089,28.614924568951267,28.565259578462374,0.9037837643820339,0.9534487548709265
220,220,19120,QUEIMADO,826.11,7.27,20,0,20,10.49,75.32,,09/08/2022,2022-08-09,30.3089166666667,647.574418108435,28.609036141229232,28.55937115074034,1.699880525437468,1.7495455159263607
221,221,19120,QUEIMADO,826.07,6.88,21,0,21,10.65,74.99,,10/08/2022,2022-08-10,30.5092083333333,654.912470517904,30.151006161056312,30.127576556398335,0.3582021722769895,0.38163177693496664
222,222,19120,QUEIMADO,826.04,6.96,19,0,19,10.67,74.74,,11/08/2022,2022-08-11,28.7730416666667,647.631090338382,27.05950638297852,26.990200571711327,1.7135352836881808,1.7828410949553728
223,223,19120,QUEIMADO,826.0,7.29,20,0,20,10.73,74.46,,12/08/2022,2022-08-12,30.335875,647.305619238075,28.590950256082994,28.5412852655941,1.7449247439170072,1.7945897344058999
224,224,19120,QUEIMADO,825.97,7.06,19,0,19,10.64,74.19,,13/08/2022,2022-08-13,28.2124583333333,651.037019732053,27.04851815624723,26.979212344980034,1.1639401770860687,1.2332459883532643
225,225,19120,QUEIMADO,825.93,6.69,20,0,20,10.68,73.9,,14/08/2022,2022-08-14,29.4239583333333,652.607291690459,28.57917340063892,28.52950841015003,0.844784932694381,0.8944499231832701
226,226,19120,QUEIMADO,825.9,7.38,20,0,20,10.73,73.65,,15/08/2022,2022-08-15,29.7349166666667,650.745582309479,28.573915875887113,28.524250885398217,1.1610007907795854,1.2106657812684816
227,227,19120,QUEIMADO,825.87,6.48,19,0,19,10.73,73.4,,16/08/2022,2022-08-16,28.8847083333333,646.768694710685,27.03273506694228,26.963429255675088,1.8519732663910204,1.9212790776582125
228,228,19120,QUEIMADO,825.83,6.69,20,0,20,10.4,73.11,,17/08/2022,2022-08-17,29.4006666666667,652.64449195094,28.562559622423187,28.512894631934294,0.8381070442435146,0.8877720347324072
229,229,19120,QUEIMADO,825.79,7.11,21,0,21,10.48,72.81,,18/08/2022,2022-08-18,30.4048333333333,655.218017246764,30.102868264428682,30.07943865977071,0.30196506890461805,0.32539467356259166
230,230,19120,QUEIMADO,825.75,6.72,22,0,22,10.74,72.47,,19/08/2022,2022-08-19,33.2834583333333,647.516173893561,31.652935454543037,31.6622459558936,1.6305228787902628,1.6212123774397007
231,231,19120,QUEIMADO,825.71,6.72,22,0,22,10.63,72.21,,20/08/2022,2022-08-20,33.4634166666667,646.512492116009,31.64692084622698,31.656231347577542,1.816495820439723,1.807185319089161
232,232,19120,QUEIMADO,825.68,7.53,22,0,22,11.13,71.94,,21/08/2022,2022-08-21,33.2287916666667,647.738915382829,31.64067490682181,31.64998540817237,1.5881167598448904,1.5788062584943319
233,233,19120,QUEIMADO,825.63,6.84,22,0,22,10.37,71.57,,22/08/2022,2022-08-22,33.3455,647.063939078378,31.632115656525855,31.64142615787641,1.7133843434741465,1.7040738421235915
234,234,19120,QUEIMADO,825.58,7.24,23,0,23,10.62,71.22,,23/08/2022,2022-08-23,33.9841666666667,651.50630247592,33.19159439811548,33.239932747538944,0.7925722685512255,0.7442339191277583
235,235,19120,QUEIMADO,825.54,6.88,22,0,22,10.65,70.89,,24/08/2022,2022-08-24,33.291875,647.261102414268,31.616385142468424,31.625695643818982,1.6754898575315735,1.666179356181015
236,236,19120,QUEIMADO,825.49,6.93,22,0,22,10.59,70.55,,25/08/2022,2022-08-25,33.3211666666667,647.054244741284,31.6085198854397,31.61783038679026,1.7126467812269972,1.7033362798764387
237,237,19120,QUEIMADO,825.45,7.02,22,0,22,10.4,70.25,,26/08/2022,2022-08-26,33.2495,647.398021693678,31.60157995276732,31.61089045411788,1.6479200472326774,1.6386095458821188
238,238,19120,QUEIMADO,825.41,6.33,22,0,22,10.23,69.9,,27/08/2022,2022-08-27,32.4399166666667,651.693362498918,31.593483364649522,31.602793866000084,0.846433302017175,0.8371228006666129
239,239,19120,QUEIMADO,825.36,6.44,22,0,22,9.93,69.56,,28/08/2022,2022-08-28,32.7335,650.071215750914,31.5856181076208,31.594928608971358,1.1478818923791998,1.1385713910286412
240,240,19120,QUEIMADO,825.31,6.1,23,0,23,9.74,69.17,,29/08/2022,2022-08-29,34.003875,651.135352451486,33.14201593970586,33.19035428912932,0.8618590602941438,0.8135207108706837
241,241,19120,QUEIMADO,825.26,5.76,24,0,24,9.77,68.76,,30/08/2022,2022-08-30,35.8580416666667,649.240942504535,34.70840365098882,34.801713479198135,1.1496380156778798,1.0563281874685657
242,242,19120,QUEIMADO,825.2,6.55,24,0,24,9.7,68.38,,31/08/2022,2022-08-31,35.3090416666667,651.875859964426,34.69881392584152,34.792123754050834,0.6102277408251808,0.5169179126158667
243,243,19120,QUEIMADO,825.15,5.88,24,0,24,9.78,67.97,,01/09/2022,2022-09-01,35.25675,652.082547989028,34.68846711712994,34.78177694533925,0.5682828828700579,0.4749730546607438
244,244,19120,QUEIMADO,825.1,5.99,24,0,24,9.59,67.57,,02/09/2022,2022-09-02,35.2732916666667,651.951348669692,34.67837266960646,34.771682497815775,0.5949189970602404,0.5016091688509263
245,245,19120,QUEIMADO,825.04,5.99,24,0,24,9.67,67.17,,03/09/2022,2022-09-03,35.4250416666667,651.146442067618,34.66827822208296,34.761588050292275,0.7567634445837399,0.6634536163744258
246,246,19120,QUEIMADO,824.99,6.11,24,0,24,9.73,66.78,,04/09/2022,2022-09-04,35.2988333333333,651.715970375603,34.65843613574758,34.75174596395689,0.6403971975857203,0.5470873693764062
247,247,19120,QUEIMADO,824.93,6.18,24,0,24,9.79,66.38,,05/09/2022,2022-09-05,35.3547083333333,651.381692574016,34.64834168822408,34.74165151643339,0.7063666451092203,0.6130568168999062
248,248,19120,QUEIMADO,824.88,6.15,24,0,24,9.84,65.99,,06/09/2022,2022-09-06,35.3856666666667,651.17972508216,34.638499601888675,34.73180943009799,0.7471670647780257,0.6538572365687116
249,249,19120,QUEIMADO,824.83,6.27,24,0,24,9.92,65.59,,07/09/2022,2022-09-07,35.3317083333333,651.394594398383,34.6284051543652,34.72171498257451,0.7033031789681061,0.609993350758792
250,250,19120,QUEIMADO,824.78,6.38,24,0,24,9.76,65.23,,08/09/2022,2022-09-08,35.3580416666667,651.215329990774,34.61932015159407,34.71262997980338,0.7387215150726334,0.6454116868633193
251,251,19120,QUEIMADO,824.72,5.74,24,0,24,9.6,64.83,,09/09/2022,2022-09-09,35.3434583333333,651.226916292456,34.60922570407057,34.70253553227988,0.7342326292627348,0.6409228010534207
252,252,19120,QUEIMADO,824.69,7.03,24,0,24,9.86,64.59,,10/09/2022,2022-09-10,35.3814583333333,651.010382843502,34.603169035556476,34.69647886376579,0.7782892977768228,0.6849794695675087
253,253,19120,QUEIMADO,824.63,6.5,24,0,24,10.11,64.2,,11/09/2022,2022-09-11,35.38925,650.912135305175,34.59332694922107,34.68663677743039,0.7959230507789243,0.7026132225696102
254,254,19120,QUEIMADO,824.58,5.85,24,0,24,9.76,63.8,,12/09/2022,2022-09-12,35.8134166666667,648.779996587681,34.583232501697594,34.67654232990691,1.2301841649691028,1.1368743367597887
255,255,19120,QUEIMADO,824.53,5.97,24,0,24,9.8,63.43,,13/09/2022,2022-09-13,35.943625,648.090833179806,34.573895137738376,34.66720496594769,1.3697298622616216,1.2764200340523075
256,256,19120,QUEIMADO,824.47,6.62,24,0,24,10.13,63.06,,14/09/2022,2022-09-14,36.2105416666667,646.720599326735,34.56455777377914,34.65786760198846,1.645983892887557,1.5526740646782429
257,257,19120,QUEIMADO,824.41,6.19,28,0,28,9.93,62.58,,15/09/2022,2022-09-15,50.0556666666667,613.799711059329,40.94481260059153,41.26611276070564,9.11085406607517,8.789553905961064
258,258,19120,QUEIMADO,824.34,6.01,29,0,29,9.72,62.12,,16/09/2022,2022-09-16,46.8927916666667,633.841107208523,42.55716450410231,42.94354296295651,4.335627162564393,3.9492487037101895
259,259,19120,QUEIMADO,824.29,6.2,24,0,24,10.11,61.73,,17/09/2022,2022-09-17,35.91625,647.985210894678,34.53099373576355,34.624303563972866,1.385256264236446,1.291946436027132
260,260,19120,QUEIMADO,824.24,8.14,24,0,24,11.16,61.41,,18/09/2022,2022-09-18,35.964,647.700816889742,34.52291817774476,34.61622800595407,1.4410818222552422,1.347771994045928
261,261,19120,QUEIMADO,824.19,8.14,24,0,24,11.35,61.05,,19/09/2022,2022-09-19,36.13225,646.824915500623,34.513833174973634,34.60714300318295,1.6184168250263653,1.5251069968170512
262,262,19120,QUEIMADO,824.14,8.26,24,0,24,11.4,60.7,,20/09/2022,2022-09-20,36.1028333333333,646.91931529773,34.505000533390586,34.59831036159989,1.597832799942715,1.504522971733408
263,263,19120,QUEIMADO,824.08,7.88,26,0,26,11.09,60.29,,21/09/2022,2022-09-21,39.3522916666667,645.76780512949,37.66339236305583,37.86246392937848,1.6888993036108744,1.4898277372882234
264,264,19120,QUEIMADO,824.02,7.5,25,0,25,10.67,59.87,,22/09/2022,2022-09-22,37.8372916666667,645.714639654644,36.06232485417091,36.20607854728925,1.7749668124957907,1.631213119377449
265,265,19120,QUEIMADO,823.97,8.37,24,0,24,11.82,59.53,,23/09/2022,2022-09-23,35.1152083333333,651.597344179925,34.47547427438438,34.56878410259369,0.6397340589489175,0.5464242307396106
266,266,19120,QUEIMADO,823.93,10.3,24,0,24,11.68,59.22,,24/09/2022,2022-09-24,35.0788333333333,651.735900869549,34.46765107755368,34.560960905763,0.6111822557796174,0.5178724275703033
267,267,19120,QUEIMADO,823.87,7.31,24,0,24,11.52,58.85,,25/09/2022,2022-09-25,35.0242916666667,651.943633637839,34.45831371359445,34.551623541803764,0.5659779530722489,0.47266812486293475
268,268,19120,QUEIMADO,823.82,8.12,23,0,23,10.76,58.52,,26/09/2022,2022-09-26,35.0366666666667,644.355187006144,32.8844498021144,32.93278815153787,2.152216864552294,2.1038785151288266
269,269,19120,QUEIMADO,823.77,6.98,23,0,23,9.99,58.15,,27/09/2022,2022-09-27,35.02,644.390557005666,32.875501494986814,32.92383984441028,2.144498505013189,2.096160155589722
270,270,19120,QUEIMADO,823.72,7.1,23,0,23,9.69,57.8,,28/09/2022,2022-09-28,34.9035833333333,644.936866452323,32.867036880136396,32.915375229559864,2.0365464531969053,1.988208103773438
271,271,19120,QUEIMADO,823.67,7.5,24,0,24,10.22,57.46,,29/09/2022,2022-09-29,34.7587083333333,653.047322457614,34.42323550845033,34.51654533665965,0.33547282488297014,0.24216299667365604
272,272,19120,QUEIMADO,823.62,7.52,24,0,24,9.88,57.11,,30/09/2022,2022-09-30,34.8081666666667,652.754542628767,34.414402866867285,34.5077126950766,0.3937637997994159,0.3004539715901018
273,273,19120,QUEIMADO,823.56,6.92,24,0,24,9.86,56.73,,01/10/2022,2022-10-01,34.8554166666667,652.462603011317,34.404813141719984,34.4981229699293,0.45060352494671463,0.3572936967374005
274,274,19120,QUEIMADO,823.51,7.7,24,0,24,9.63,56.37,,02/10/2022,2022-10-02,34.79275,652.720219576259,34.39572813894884,34.48903796715815,0.397021861051158,0.303712032841851
275,275,19120,QUEIMADO,823.45,7.08,24,0,24,9.82,55.99,,03/10/2022,2022-10-03,34.9084583333333,652.092233405485,34.38613841380153,34.47944824201085,0.5223199195317676,0.4290100913224535
276,276,19120,QUEIMADO,823.39,7.15,24,0,24,9.4,55.61,,04/10/2022,2022-10-04,34.7999166666667,652.56504002229,34.3765486886542,34.46985851686352,0.42336797801249304,0.33005814980317894
277,277,19120,QUEIMADO,823.33,7.26,24,0,24,9.17,55.21,,05/10/2022,2022-10-05,35.927125,646.971827966853,34.366454241130725,34.45976406934004,1.5606707588692714,1.4673609306599573
278,278,19120,QUEIMADO,823.28,7.26,24,0,24,9.16,54.84,,06/10/2022,2022-10-06,35.639875,648.331873577697,34.35711687717151,34.45042670538082,1.282758122828497,1.1894482946191829
279,279,19120,QUEIMADO,823.21,6.18,24,0,24,8.51,54.41,,07/10/2022,2022-10-07,35.630875,648.30605255245,34.34626534608375,34.43957517429306,1.284609653916256,1.1912998257069418
280,280,19120,QUEIMADO,823.16,7.38,24,0,24,8.7,54.06,,08/10/2022,2022-10-08,35.4041666666667,649.368912745169,34.3374327045007,34.43074253271001,1.0667339621659977,0.9734241339566836
281,281,19120,QUEIMADO,823.09,5.69,24,0,24,8.05,53.63,,09/10/2022,2022-10-09,35.51625,648.74872088367,34.32658117341297,34.41989100162228,1.189668826587031,1.0963589983777169
282,282,19120,QUEIMADO,823.04,6.24,18,0,18,7.92,53.31,,10/10/2022,2022-10-10,27.108875,645.611510490561,25.127881338034353,25.045491982678254,1.9809936619656483,2.0633830173217476
283,283,19120,QUEIMADO,823.0,5.55,19,0,19,7.45,53.0,,11/10/2022,2022-10-11,27.8918333333333,650.055073595907,26.625171748181533,26.555865936914344,1.2666615851517662,1.3359673964189547
284,284,19120,QUEIMADO,822.94,5.8,18,0,18,7.15,52.65,,12/10/2022,2022-10-12,26.254125,651.105877700864,25.115389459224044,25.033000103867945,1.1387355407759543,1.2211248961320535
285,285,19120,QUEIMADO,822.9,5.57,19,0,19,7.07,52.35,,13/10/2022,2022-10-13,28.6575,645.207513127787,26.612185662044546,26.542879850777354,2.0453143379554533,2.1146201492226453
286,286,19120,QUEIMADO,822.84,5.52,23,0,23,6.7,51.97,,14/10/2022,2022-10-14,36.3340833333333,636.729559393402,32.726040581342204,32.77437893076568,3.6080427519910927,3.5597044025676183
287,287,19120,QUEIMADO,822.77,4.37,20,0,20,5.79,51.57,,15/10/2022,2022-10-15,29.9075416666667,646.59872957393,28.109571289806734,28.059906299317845,1.7979703768599649,1.847635367348854
288,288,19120,QUEIMADO,822.74,4.78,18,0,18,6.06,51.37,,16/10/2022,2022-10-16,29.7838333333333,627.803819131771,25.09116278516767,25.008773429811576,4.69267054816563,4.775059903521722
289,289,19120,QUEIMADO,822.68,4.24,21,0,21,5.41,50.99,,17/10/2022,2022-10-17,29.3124166666667,658.23650592431,29.621047666073295,29.597618061415318,0.30863099940659566,0.2852013947486185
290,290,19120,QUEIMADO,822.62,3.71,22,0,22,5.12,50.59,,18/10/2022,2022-10-18,31.5945416666667,653.43036865422,31.14678303163624,31.156093532986798,0.44775863503046054,0.438448133679902
291,291,19120,QUEIMADO,822.57,4.03,20,0,20,4.79,50.23,,19/10/2022,2022-10-19,29.9304583333333,646.263738262186,28.08139095713701,28.03172596664812,1.8490673761962881,1.8987323666851772
292,292,19120,QUEIMADO,822.5,3.38,21,0,21,4.47,49.84,,20/10/2022,2022-10-20,30.5159166666667,651.304836576448,29.595653821522017,29.57222421686404,0.9202628451446841,0.9436924498026613
293,293,19120,QUEIMADO,822.43,2.87,25,0,25,4.34,49.35,,21/10/2022,2022-10-21,36.731,649.337955026416,35.78577905222539,35.92953274534373,0.9452209477746152,0.8014672546562736
294,294,19120,QUEIMADO,822.37,3.77,19,0,19,4.24,49.01,,22/10/2022,2022-10-22,28.614,644.947237394696,26.545457157894504,26.47615134662731,2.068542842105497,2.1378486533726893
295,295,19120,QUEIMADO,822.31,3.22,20,0,20,4.5,48.64,,23/10/2022,2022-10-23,30.071,645.175873363078,28.04795309971546,27.99828810922657,2.023046900284541,2.07271189077343
296,296,19120,QUEIMADO,822.25,3.22,20,0,20,4.38,48.27,,24/10/2022,2022-10-24,29.8852083333333,646.210284743192,28.04017196308277,27.990506972593884,1.8450363702505292,1.8947013607394148
297,297,19120,QUEIMADO,822.19,4.11,22,0,22,5.09,47.87,,25/10/2022,2022-10-25,32.54025,647.936074765567,31.083860975406523,31.093171476757085,1.4563890245934772,1.447078523242915
298,298,19120,QUEIMADO,822.13,4.33,21,0,21,5.35,47.53,,26/10/2022,2022-10-26,30.5744166666667,650.60664990686,29.5446453163799,29.52121571172192,1.0297713502868007,1.0532009549447814
299,299,19120,QUEIMADO,822.08,4.67,19,0,19,5.09,47.21,,27/10/2022,2022-10-27,28.3723333333333,646.15570554419,26.509495688592075,26.44018987732488,1.8628376447412265,1.932143456008422
300,300,19120,QUEIMADO,822.02,4.0,20,0,20,5.31,46.85,,28/10/2022,2022-10-28,30.0031666666667,645.285447645838,28.010309222492463,27.960644232003574,1.9928574441742377,2.0425224346631268
301,301,19120,QUEIMADO,821.96,5.1,21,0,21,5.47,46.5,,29/10/2022,2022-10-29,30.331375,651.800120593263,29.521901264303548,29.498471659645574,0.8094737356964536,0.8329033403544273
302,302,19120,QUEIMADO,821.91,5.25,20,0,20,6.4,46.17,,30/10/2022,2022-10-30,29.6589583333333,647.20301714822,27.996008755167527,27.946343764678634,1.6629495781657724,1.712614568654665
303,303,19120,QUEIMADO,821.86,6.9,20,0,20,8.41,45.88,,31/10/2022,2022-10-31,30.055,644.820121842549,27.989910026455405,27.94024503596652,2.0650899735445947,2.11475496403348
304,304,19120,QUEIMADO,821.81,14.56,20,0,20,14.14,45.58,,01/11/2022,2022-11-01,28.3126666666667,655.03338855501,27.983600996753243,27.933936006264354,0.329065669913458,0.37873066040234704
305,305,19120,QUEIMADO,821.83,22.44,17,0,17,19.48,45.7,,02/11/2022,2022-11-02,24.235,653.880595588644,23.499679143736433,23.410599099379375,0.7353208562635665,0.8244009006206241
306,306,19120,QUEIMADO,821.84,19.78,17,0,17,19.93,45.76,,03/11/2022,2022-11-03,23.5546666666667,658.605329573976,23.500751678785807,23.41167163442875,0.053914987880894216,0.14299503223795185
307,307,19120,QUEIMADO,821.84,16.0,16,0,16,18.64,45.76,,04/11/2022,2022-11-04,23.343375,649.95893754019,22.027836317727022,21.93816688461717,1.3155386822729795,1.4052081153828304
308,308,19120,QUEIMADO,821.85,18.66,16,0,16,17.91,45.82,,05/11/2022,2022-11-05,23.2096666666667,650.953453720608,22.028845762479374,21.939176329369523,1.1808209041873248,1.2704903372971756
309,309,19120,QUEIMADO,821.86,17.67,16,0,16,17.89,45.86,,06/11/2022,2022-11-06,23.642375,647.777351965032,22.029518725647595,21.93984929253774,1.6128562743524064,1.7025257074622608
310,310,19120,QUEIMADO,821.86,16.0,16,0,16,17.19,45.86,,07/11/2022,2022-11-07,22.9042083333333,653.212593053311,22.029518725647595,21.93984929253774,0.8746896076857062,0.9643590407955607
311,311,19120,QUEIMADO,821.86,16.64,15,0,15,17.7,45.9,,08/11/2022,2022-11-08,20.91125,657.622206970776,20.56844389249939,20.48386768280702,0.3428061075006106,0.42738231719297914
312,312,19120,QUEIMADO,821.87,19.24,16,0,16,17.86,45.97,,09/11/2022,2022-11-09,23.3235833333333,650.134666797185,22.03136937436025,21.941699941250395,1.2922139589730506,1.381883392082905
313,313,19120,QUEIMADO,821.88,18.78,16,0,16,18.18,46.0,,10/11/2022,2022-11-10,23.014,652.42417917503,22.031874096736416,21.942204663626566,0.982125903263583,1.0717953363734338
314,314,19120,QUEIMADO,821.88,16.0,16,0,16,18.16,46.0,,11/11/2022,2022-11-11,22.9724166666667,652.730364013939,22.031874096736416,21.942204663626566,0.9405425699302832,1.030212003040134
315,315,19120,QUEIMADO,821.89,18.66,16,0,16,18.15,46.06,,12/11/2022,2022-11-12,23.606875,648.068744232317,22.03288354148877,21.943214108378918,1.5739914585112302,1.663660891621081
316,316,19120,QUEIMADO,821.9,18.78,16,0,16,19.06,46.13,,13/11/2022,2022-11-13,22.69725,654.77646088383,22.034061227033174,21.94439179392332,0.6631887729668264,0.7528582060766809
317,317,19120,QUEIMADO,821.91,18.78,16,0,16,19.28,46.19,,14/11/2022,2022-11-14,23.1385,651.53746544892,22.035070671785526,21.94540123867567,1.1034293282144745,1.193098761324329
318,318,19120,QUEIMADO,821.93,19.33,15,0,15,19.61,46.28,,15/11/2022,2022-11-15,21.79325,650.764943729613,20.574437470716465,20.4898612610241,1.218812529283536,1.303388738975901
