,Código,Nome,Cota (m),Afluência (m³/s),Defluência (m³/s),Vazão Vertida (m³/s),Vazão Turbinada (m³/s),Vazão Natural (m³/s),Volume Útil (%),Vazão Incremental (m³/s),Data da Medição,data,PG,h2
0,19115,IRAPE,496.14,984,51,0,51,983.37,55.52,,01/01/2022,2022-01-01,68.3178333333333,338.325002145552
1,19115,IRAPE,496.99,1057,51,0,51,1056.34,57.87,,02/01/2022,2022-01-02,68.4495416666667,338.870754347748
2,19115,IRAPE,497.62,798,51,0,51,797.32,59.62,,03/01/2022,2022-01-03,68.2964166666667,339.854474897235
3,19115,IRAPE,498.1,620,50,0,50,619.3,60.96,,04/01/2022,2022-01-04,67.8684583333333,338.187524950027
4,19115,IRAPE,498.55,585,50,0,50,584.28,62.21,,05/01/2022,2022-01-05,68.098875,338.094614438071
5,19115,IRAPE,499.02,610,50,0,50,609.27,63.52,,06/01/2022,2022-01-06,68.3077916666667,338.07236248383
6,19115,IRAPE,499.54,670,50,0,50,669.25,64.97,,07/01/2022,2022-01-07,68.6700833333333,337.738726516116
7,19115,IRAPE,500.12,773,50,0,50,772.24,66.66,,08/01/2022,2022-01-08,68.0012916666667,339.894541457782
8,19115,IRAPE,500.73,899,50,0,50,898.23,68.65,,09/01/2022,2022-01-09,68.8057916666667,338.608968914409
9,19115,IRAPE,501.4,992,49,0,49,991.22,70.85,,10/01/2022,2022-01-10,68.435125,336.861569548482
10,19115,IRAPE,502.03,973,49,0,49,972.22,72.95,,11/01/2022,2022-01-11,68.7155833333333,336.817264153793
11,19115,IRAPE,502.6,858,50,0,50,857.21,74.82,,12/01/2022,2022-01-12,70.219125,337.148855973079
12,19115,IRAPE,503.04,675,49,0,49,674.22,76.29,,13/01/2022,2022-01-13,68.6738333333333,337.927643593026
13,19115,IRAPE,503.4,563,49,0,49,562.22,77.49,,14/01/2022,2022-01-14,68.3217083333333,339.134257007157
14,19115,IRAPE,503.66,421,49,0,49,420.23,78.36,,15/01/2022,2022-01-15,68.095875,339.937227626562
15,19115,IRAPE,503.81,264,49,0,49,263.24,78.86,,16/01/2022,2022-01-16,67.9362916666666,340.470913507064
16,19115,IRAPE,503.93,221,49,0,49,220.26,79.26,,17/01/2022,2022-01-17,68.658375,338.854810032104
17,19115,IRAPE,504.03,192,49,0,49,191.28,79.6,,18/01/2022,2022-01-18,68.7509583333333,338.732212113964
18,19115,IRAPE,504.11,163,48,0,48,162.31,79.87,,19/01/2022,2022-01-19,68.49975,335.985070789444
19,19115,IRAPE,504.19,165,50,2,48,163.33,80.14,,20/01/2022,2022-01-20,68.8045,335.317096203012
20,19115,IRAPE,504.27,164,49,0,49,148.56,80.41,,21/01/2022,2022-01-21,68.7505416666667,338.973213904775
21,19115,IRAPE,504.33,134,48,0,48,140.19,80.61,,22/01/2022,2022-01-22,68.6782083333333,335.767064889295
22,19115,IRAPE,504.38,120,48,0,48,128.42,80.77,,23/01/2022,2022-01-23,68.6981666666667,335.768079405716
23,19115,IRAPE,504.43,121,49,0,49,121.66,80.94,,24/01/2022,2022-01-24,68.7295833333333,339.183603982553
24,19115,IRAPE,504.36,106,209,0,209,117.29,80.7,,25/01/2022,2022-01-25,350.560291666667,306.75369346467
25,19115,IRAPE,504.27,130,256,0,256,121.13,80.41,,26/01/2022,2022-01-26,378.984416666667,329.862260672519
26,19115,IRAPE,504.17,112,256,0,256,128.37,80.07,,27/01/2022,2022-01-27,379.400666666667,329.570703399179
27,19115,IRAPE,504.09,139,257,0,257,136.81,79.79,,28/01/2022,2022-01-28,379.28775,330.22183988469
28,19115,IRAPE,504.13,157,97,0,97,143.44,79.94,,29/01/2022,2022-01-29,99.1917083333333,383.657478265361
29,19115,IRAPE,504.2,148,48,0,48,153.68,80.17,,30/01/2022,2022-01-30,67.8410833333333,337.691694013714
30,19115,IRAPE,504.28,163,48,0,48,155.73,80.44,,31/01/2022,2022-01-31,67.6917916666667,338.13811361218
31,19115,IRAPE,504.32,163,48,0,48,156.97,80.57,,01/02/2022,2022-02-01,68.3464166666667,336.571410204001
32,19115,IRAPE,504.39,149,48,0,48,158.15,80.81,,02/02/2022,2022-02-02,68.4978333333333,336.269775032126
33,19115,IRAPE,504.51,163,48,0,48,162.86,81.21,,03/02/2022,2022-02-03,67.0769583333333,339.877152851637
34,19115,IRAPE,504.62,206,48,0,48,205.91,81.58,,04/02/2022,2022-02-04,67.3024583333333,339.43368847349
35,19115,IRAPE,504.76,250,48,0,48,249.95,82.05,,05/02/2022,2022-02-05,67.9942083333333,337.875865929883
36,19115,IRAPE,504.89,235,48,0,48,235,82.49,,06/02/2022,2022-02-06,67.725625,338.665073502229
37,19115,IRAPE,505.02,235,48,0,48,235.05,82.93,,07/02/2022,2022-02-07,68.427,337.073627479068
38,19115,IRAPE,505.22,278,47,0,47,278.1,83.61,,08/02/2022,2022-02-08,67.6545416666667,335.636551025746
39,19115,IRAPE,505.39,294,48,0,48,294.15,84.18,,09/02/2022,2022-02-09,67.4959583333333,339.728764494902
40,19115,IRAPE,505.51,307,47,0,47,307.2,84.59,,10/02/2022,2022-02-10,67.7463333333333,335.696465254163
41,19115,IRAPE,505.74,380,47,0,47,380.25,85.37,,11/02/2022,2022-02-11,67.6883333333334,336.071848546965
42,19115,IRAPE,505.98,454,106,0,106,454.3,86.18,,12/02/2022,2022-02-12,157.5215,330.907336567369
43,19115,IRAPE,506.26,454,47,0,47,454.35,87.13,,13/02/2022,2022-02-13,67.1819166666667,337.861236866445
44,19115,IRAPE,506.52,425,47,0,47,425.41,88.02,,14/02/2022,2022-02-14,67.21375,338.041443162637
45,19115,IRAPE,506.7,456,194,0,194,456.46,88.63,,15/02/2022,2022-02-15,332.439708333333,304.818962458751
46,19115,IRAPE,506.85,467,251,0,251,467.5,89.13,,16/02/2022,2022-02-16,377.261333333333,329.776757818234
47,19115,IRAPE,507.12,480,77,0,77,480.55,90.08,,17/02/2022,2022-02-17,111.970833333333,335.803753460461
48,19115,IRAPE,507.44,561,99,0,99,561.6,91.16,,18/02/2022,2022-02-18,143.369166666667,336.829823719128
49,19115,IRAPE,507.72,662,252,0,252,662.64,92.12,,19/02/2022,2022-02-19,380.57075,329.802269251638
50,19115,IRAPE,508.29,975,137,24,113,975.69,94.08,,20/02/2022,2022-02-20,167.418916666667,333.743779528569
51,19115,IRAPE,508.54,786,412,160,252,786.74,94.95,,21/02/2022,2022-02-21,383.23,329.37906355206
52,19115,IRAPE,508.63,675,548,295,253,675.79,95.25,,22/02/2022,2022-02-22,383.352083333333,330.120360887153
53,19115,IRAPE,508.56,561,664,410,254,561.83,95.01,,23/02/2022,2022-02-23,383.8445,330.524761424508
54,19115,IRAPE,508.39,412,663,409,254,412.88,94.42,,24/02/2022,2022-02-24,382.859625,330.811567385234
55,19115,IRAPE,508.2,347,627,374,253,347.92,93.77,,25/02/2022,2022-02-25,382.946125,329.879397229275
56,19115,IRAPE,508.15,285,358,105,253,285.96,93.6,,26/02/2022,2022-02-26,382.106875,330.220197804357
57,19115,IRAPE,508.08,247,350,100,250,248,93.36,,27/02/2022,2022-02-27,378.3175,329.800754337498
58,19115,IRAPE,508.02,215,303,54,249,216.05,93.15,,28/02/2022,2022-02-28,376.192375,330.030244314441
59,19115,IRAPE,507.98,192,251,0,251,193.08,93.01,,01/03/2022,2022-03-01,378.699583333333,330.23169369672
60,19115,IRAPE,507.92,167,249,0,249,168.12,92.82,,02/03/2022,2022-03-02,377.498583333333,329.312231516801
61,19115,IRAPE,507.85,147,250,0,250,139.83,92.57,,03/03/2022,2022-03-03,377.628625,329.895381443978
62,19115,IRAPE,507.78,138,241,0,241,130.2,92.33,,04/03/2022,2022-03-04,362.351333333333,330.647934641199
63,19115,IRAPE,507.81,135,91,0,91,122.64,92.43,,05/03/2022,2022-03-05,99.46525,379.04010202248
64,19115,IRAPE,507.84,94,50,0,50,117.08,92.53,,06/03/2022,2022-03-06,67.67675,348.379230422994
65,19115,IRAPE,507.78,93,181,0,181,112.91,92.33,,07/03/2022,2022-03-07,311.782708333333,304.844598163281
66,19115,IRAPE,507.71,119,222,0,222,103.35,92.09,,08/03/2022,2022-03-08,331.856625,331.60086537821
67,19115,IRAPE,507.64,117,220,0,220,104.39,91.84,,09/03/2022,2022-03-09,331.998708333333,329.853787233211
68,19115,IRAPE,507.55,87,219,0,219,105.82,91.54,,10/03/2022,2022-03-10,331.694958333333,329.115379729935
69,19115,IRAPE,507.48,99,202,0,202,98.06,91.3,,11/03/2022,2022-03-11,302.339041666667,331.14958563127
70,19115,IRAPE,507.4,100,217,0,217,88.5,91.02,,12/03/2022,2022-03-12,331.534,327.408206260712
71,19115,IRAPE,507.41,80,65,0,65,85.74,91.06,,13/03/2022,2022-03-13,94.3814166666667,336.346442092121
72,19115,IRAPE,507.4,69,84,0,84,76.98,91.02,,14/03/2022,2022-03-14,136.181833333333,316.404007093411
73,19115,IRAPE,507.41,73,58,0,58,78.82,91.06,,15/03/2022,2022-03-15,78.7205416666667,347.511479412397
74,19115,IRAPE,507.41,55,55,0,55,69.66,91.06,,16/03/2022,2022-03-16,91.925875,310.5037740262
75,19115,IRAPE,507.43,87,58,0,58,70.1,91.13,,17/03/2022,2022-03-17,78.2469583333334,348.4934300389
76,19115,IRAPE,507.43,56,56,0,56,66.35,91.13,,18/03/2022,2022-03-18,88.9337083333333,320.334759281513
77,19115,IRAPE,507.44,71,56,0,56,66.99,91.16,,19/03/2022,2022-03-19,66.4945,367.551483968194
78,19115,IRAPE,507.44,54,54,0,54,62.44,91.16,,20/03/2022,2022-03-20,94.7689583333333,300.684670740163
79,19115,IRAPE,507.44,58,58,0,58,61.48,91.16,,21/03/2022,2022-03-21,71.8137916666667,361.570589015641
80,19115,IRAPE,507.45,64,49,0,49,58.73,91.19,,22/03/2022,2022-03-22,71.2509166666667,336.141567428784
81,19115,IRAPE,507.45,51,51,0,51,56.57,91.19,,23/03/2022,2022-03-23,81.5368333333333,319.098956799101
82,19115,IRAPE,507.45,57,57,0,57,57.61,91.19,,24/03/2022,2022-03-24,89.604125,322.251479481711
83,19115,IRAPE,507.44,43,58,0,58,57.06,91.16,,25/03/2022,2022-03-25,86.666,331.40252754555
84,19115,IRAPE,507.43,63,63,0,63,52.1,91.13,,26/03/2022,2022-03-26,86.0849583333333,346.450308962431
85,19115,IRAPE,507.43,40,46,0,46,51.74,91.11,,27/03/2022,2022-03-27,68.1981666666667,332.76767632922
86,19115,IRAPE,507.44,32,47,0,47,51.99,91.16,,28/03/2022,2022-03-28,81.0535,304.270608222019
87,19115,IRAPE,507.44,55,55,0,55,48.83,91.16,,29/03/2022,2022-03-29,88.005,318.932331002296
88,19115,IRAPE,507.43,38,53,0,53,46.27,91.13,,30/03/2022,2022-03-30,70.682125,350.314839455844
89,19115,IRAPE,507.42,47,47,0,47,47.51,91.09,,31/03/2022,2022-03-31,72.936,324.598002693051
90,19115,IRAPE,507.41,48,63,0,63,45.35,91.06,,01/04/2022,2022-04-01,107.000958333333,307.317189981713
91,19115,IRAPE,507.4,38,53,0,53,47.39,91.02,,02/04/2022,2022-04-02,67.996625,356.254280295962
92,19115,IRAPE,507.4,44,44,0,44,44.03,91.02,,03/04/2022,2022-04-03,67.745375,326.010835653865
93,19115,IRAPE,507.37,33,77,0,77,42.27,90.92,,04/04/2022,2022-04-04,111.389291666667,336.943516736966
94,19115,IRAPE,507.36,45,60,0,60,42.51,90.89,,05/04/2022,2022-04-05,85.0708333333333,340.322568978139
95,19115,IRAPE,507.35,39,51,0,51,41.35,90.86,,06/04/2022,2022-04-06,74.3302083333333,335.646345239593
96,19115,IRAPE,507.34,39,57,0,57,41.79,90.82,,07/04/2022,2022-04-07,84.8352083333333,331.998127388731
97,19115,IRAPE,507.34,38,44,0,44,40.43,90.8,,08/04/2022,2022-04-08,67.282625,327.189855082146
98,19115,IRAPE,507.33,35,44,0,44,39.66,90.78,,09/04/2022,2022-04-09,67.4274583333334,326.79206185932
99,19115,IRAPE,507.33,38,44,0,44,39.5,90.77,,10/04/2022,2022-04-10,67.2469583333333,327.275353067974
100,19115,IRAPE,507.33,38,50,0,50,41.93,90.77,,11/04/2022,2022-04-11,77.56425,324.572184403606
101,19115,IRAPE,507.33,41,44,0,44,44.97,90.78,,12/04/2022,2022-04-12,67.0520416666667,327.797245098003
102,19115,IRAPE,507.31,44,44,0,44,44.8,90.71,,13/04/2022,2022-04-13,66.75925,328.561198773721
103,19115,IRAPE,507.31,44,44,0,44,48.83,90.71,,14/04/2022,2022-04-14,67.3085416666667,327.090462854126
104,19115,IRAPE,507.32,52,43,0,43,54.86,90.73,,15/04/2022,2022-04-15,66.5155416666667,325.081957461808
105,19115,IRAPE,507.33,58,43,0,43,58.49,90.77,,16/04/2022,2022-04-16,66.8107083333333,324.283265324482
106,19115,IRAPE,507.34,62,44,0,44,59.72,90.81,,17/04/2022,2022-04-17,66.428,329.478125160794
107,19115,IRAPE,507.35,62,47,0,47,58.75,90.84,,18/04/2022,2022-04-18,66.6415,340.305849874808
108,19115,IRAPE,507.35,50,47,0,47,56.57,90.85,,19/04/2022,2022-04-19,66.3875833333333,340.942319548899
109,19115,IRAPE,507.35,47,47,0,47,51.8,90.85,,20/04/2022,2022-04-20,66.536375,340.569357093011
110,19115,IRAPE,507.35,47,47,0,47,47.02,90.85,,21/04/2022,2022-04-21,67.229375,338.832277404877
111,19115,IRAPE,507.34,38,47,0,47,44.24,90.83,,22/04/2022,2022-04-22,66.88625,339.682357445268
112,19115,IRAPE,507.34,38,47,0,47,41.87,90.81,,23/04/2022,2022-04-23,67.9266666666667,337.074440188613
113,19115,IRAPE,507.32,33,48,0,48,38.29,90.74,,24/04/2022,2022-04-24,67.7568333333333,341.01847615943
114,19115,IRAPE,507.31,35,47,0,47,37.11,90.71,,25/04/2022,2022-04-25,66.2581666666667,341.226716465165
115,19115,IRAPE,507.3,32,47,0,47,35.93,90.68,,26/04/2022,2022-04-26,67.0827083333333,339.14991331771
116,19115,IRAPE,507.29,32,47,0,47,35.15,90.65,,27/04/2022,2022-04-27,67.636375,337.752087746767
117,19115,IRAPE,507.28,32,47,0,47,33.97,90.61,,28/04/2022,2022-04-28,67.67475,337.645896645711
118,19115,IRAPE,507.27,29,47,0,47,33.39,90.57,,29/04/2022,2022-04-29,66.9336666666667,339.493502425722
119,19115,IRAPE,507.26,29,47,2,45,32.41,90.53,,30/04/2022,2022-04-30,64.731125,337.793052618426
120,19115,IRAPE,507.24,29,47,0,47,31.83,90.49,,01/05/2022,2022-05-01,67.8327083333334,337.209956945271
121,19115,IRAPE,507.23,27,47,0,47,31.25,90.44,,02/05/2022,2022-05-02,67.6773333333333,337.589421240428
122,19115,IRAPE,507.22,29,47,0,47,30.47,90.4,,03/05/2022,2022-05-03,67.7805833333333,337.320613913155
123,19115,IRAPE,507.2,24,47,0,47,29.89,90.34,,04/05/2022,2022-05-04,67.6285833333333,337.681618404636
124,19115,IRAPE,507.19,27,47,0,47,29.51,90.3,,05/05/2022,2022-05-05,67.822625,337.185231914278
125,19115,IRAPE,507.18,26,47,0,47,30.12,90.26,,06/05/2022,2022-05-06,67.9632916666667,336.822635652425
126,19115,IRAPE,507.14,25,75,0,75,29.34,90.15,,07/05/2022,2022-05-07,114.91625,326.628636182012
127,19115,IRAPE,507.13,28,48,0,48,29.56,90.1,,08/05/2022,2022-05-08,67.129125,342.369115637771
128,19115,IRAPE,507.11,25,45,0,45,28.58,90.04,,09/05/2022,2022-05-09,67.8352916666667,329.516302941765
129,19115,IRAPE,507.1,25,45,0,45,29.41,90,,10/05/2022,2022-05-10,68.043375,328.961538003708
130,19115,IRAPE,507.1,26,49,2,47,30.23,89.99,,11/05/2022,2022-05-11,67.70425,337.391951695061
131,19115,IRAPE,507.08,24,47,0,47,27.85,89.93,,12/05/2022,2022-05-12,67.5314583333333,337.805072754867
132,19115,IRAPE,507.06,27,47,0,47,28.07,89.87,,13/05/2022,2022-05-13,67.77425,337.1764891003
133,19115,IRAPE,507.04,24,47,0,47,27.3,89.78,,14/05/2022,2022-05-14,67.68125,337.389603690483
134,19115,IRAPE,507,26,90,0,90,27.92,89.64,,15/05/2022,2022-05-15,133.66325,332.03391564259
135,19115,IRAPE,506.99,21,47,0,47,29.14,89.63,,16/05/2022,2022-05-16,66.5035,340.291761847336
136,19115,IRAPE,506.98,24,47,0,47,29.37,89.57,,17/05/2022,2022-05-17,67.7888333333334,337.059934393059
137,19115,IRAPE,506.95,28,48,0,48,27.39,89.48,,18/05/2022,2022-05-18,69.3370416666667,336.770032600444
138,19115,IRAPE,506.93,22,48,0,48,26.42,89.41,,19/05/2022,2022-05-19,68.13325,339.704603803151
139,19115,IRAPE,506.91,22,48,0,48,25.85,89.35,,20/05/2022,2022-05-20,67.716375,340.707776586477
140,19115,IRAPE,506.88,21,59,0,59,25.27,89.26,,21/05/2022,2022-05-21,85.132875,336.88754191109
141,19115,IRAPE,506.86,21,53,0,53,25.3,89.18,,22/05/2022,2022-05-22,80.366625,328.21773097842
142,19115,IRAPE,506.85,25,48,0,48,26.53,89.14,,23/05/2022,2022-05-23,69.81975,335.485279307607
143,19115,IRAPE,506.83,22,48,0,48,26.16,89.08,,24/05/2022,2022-05-24,71.0928333333333,332.340639505334
144,19115,IRAPE,506.81,22,48,0,48,25.79,89.02,,25/05/2022,2022-05-25,70.9777916666667,332.602996332396
145,19115,IRAPE,506.8,25,48,0,48,26.42,88.96,,26/05/2022,2022-05-26,70.7977916666667,333.03478607992
146,19115,IRAPE,506.78,19,48,0,48,26.26,88.9,,27/05/2022,2022-05-27,70.525875,333.682174943886
147,19115,IRAPE,506.77,22,48,0,48,25.49,88.87,,28/05/2022,2022-05-28,70.37625,334.039412671515
148,19115,IRAPE,506.74,21,50,0,50,24.13,88.77,,29/05/2022,2022-05-29,73.849875,332.73403930204
149,19115,IRAPE,506.72,21,47,0,47,25.56,88.71,,30/05/2022,2022-05-30,69.45175,332.631653347279
150,19115,IRAPE,506.71,21,47,0,47,24,88.65,,31/05/2022,2022-05-31,69.3458333333333,332.887144963875
151,19115,IRAPE,506.69,20,46,0,46,24.44,88.61,,01/06/2022,2022-06-01,69.3452916666667,329.089774508191
152,19115,IRAPE,506.68,20,46,0,46,24.28,88.55,,02/06/2022,2022-06-02,69.684375,328.211348188059
153,19115,IRAPE,506.65,20,46,0,46,23.72,88.46,,03/06/2022,2022-06-03,69.82,327.833999002507
154,19115,IRAPE,506.64,20,46,0,46,23.76,88.42,,04/06/2022,2022-06-04,69.867625,327.702026615691
155,19115,IRAPE,506.62,18,47,0,47,23.8,88.35,,05/06/2022,2022-06-05,69.246375,333.046448067265
156,19115,IRAPE,506.6,20,49,0,49,23.85,88.28,,06/06/2022,2022-06-06,73.25975,330.461733572188
157,19115,IRAPE,506.57,20,64,0,64,23.49,88.18,,07/06/2022,2022-06-07,96.5329166666667,328.873112992326
158,19115,IRAPE,506.55,20,46,0,46,23.53,88.12,,08/06/2022,2022-06-08,66.8013333333334,335.465106159163
159,19115,IRAPE,506.53,18,47,0,47,23.18,88.05,,09/06/2022,2022-06-09,66.6690416666667,339.416813699131
160,19115,IRAPE,506.51,18,47,0,47,22.82,87.98,,10/06/2022,2022-06-10,67.1202083333333,338.265915499088
161,19115,IRAPE,506.49,18,47,0,47,22.46,87.91,,11/06/2022,2022-06-11,67.0409583333333,338.444564222442
162,19115,IRAPE,506.47,18,47,0,47,21.31,87.85,,12/06/2022,2022-06-12,67.155,338.138706411811
163,19115,IRAPE,506.45,15,47,0,47,20.95,87.77,,13/06/2022,2022-06-13,67.1549583333333,338.118810853832
164,19115,IRAPE,506.43,15,47,0,47,20.59,87.7,,14/06/2022,2022-06-14,67.9190416666666,336.183553078399
165,19115,IRAPE,506.4,16,48,0,48,20.24,87.62,,15/06/2022,2022-06-15,68.4589583333333,338.375189345653
166,19115,IRAPE,506.38,16,48,0,48,20.48,87.55,,16/06/2022,2022-06-16,67.9849166666667,339.518671280276
167,19115,IRAPE,506.36,16,48,0,48,20.93,87.47,,17/06/2022,2022-06-17,67.9545,339.573325566316
168,19115,IRAPE,506.34,13,54,17,37,21.97,87.4,,18/06/2022,2022-06-18,52.2679166666667,339.91528138574
169,19115,IRAPE,506.32,20,46,0,46,20.61,87.34,,19/06/2022,2022-06-19,66.769625,335.316314371208
170,19115,IRAPE,506.3,15,47,0,47,20.46,87.26,,20/06/2022,2022-06-20,68.778625,333.898914191543
171,19115,IRAPE,506.28,15,47,0,47,21.3,87.2,,21/06/2022,2022-06-21,69.4335,332.237398952341
172,19115,IRAPE,506.26,15,47,0,47,20.74,87.12,,22/06/2022,2022-06-22,70.0410416666667,330.694529848645
173,19115,IRAPE,506.23,17,61,0,61,20.98,87.02,,23/06/2022,2022-06-23,102.927458333333,307.444007299302
174,19115,IRAPE,506.2,20,55,0,55,20.22,86.93,,24/06/2022,2022-06-24,70.73125,354.692891735767
175,19115,IRAPE,506.18,16,48,0,48,20.86,86.85,,25/06/2022,2022-06-25,71.0160833333333,331.879013744902
176,19115,IRAPE,506.16,16,48,0,48,20.1,86.78,,26/06/2022,2022-06-26,71.0383333333334,331.804403623334
177,19115,IRAPE,506.13,10,48,0,48,21.14,86.7,,27/06/2022,2022-06-27,70.6146666666667,332.814245788337
178,19115,IRAPE,506.11,16,48,0,48,19.97,86.61,,28/06/2022,2022-06-28,70.5669166666666,332.911442790805
179,19115,IRAPE,506.09,16,48,0,48,20.21,86.55,,29/06/2022,2022-06-29,70.88775,332.103993472303
180,19115,IRAPE,506.07,16,48,0,48,20.44,86.47,,30/06/2022,2022-06-30,70.6886666666667,332.572621114355
181,19115,IRAPE,506.04,14,52,0,52,20.48,86.38,,01/07/2022,2022-07-01,76.2244583333333,333.346747681161
182,19115,IRAPE,506.01,14,55,0,55,20.31,86.29,,02/07/2022,2022-07-02,86.2779583333333,321.201673072011
183,19115,IRAPE,505.99,16,51,0,51,20.14,86.21,,03/07/2022,2022-07-03,66.7967916666667,351.688626270461
184,19115,IRAPE,505.97,15,47,0,47,20.37,86.15,,04/07/2022,2022-07-04,68.9906666666667,333.037408748246
185,19115,IRAPE,505.95,15,47,0,47,19.6,86.06,,05/07/2022,2022-07-05,69.8514583333333,330.859741042789
186,19115,IRAPE,505.93,15,47,0,47,20.43,86.01,,06/07/2022,2022-07-06,69.7708333333333,331.041836352826
187,19115,IRAPE,505.9,16,62,0,62,20.66,85.9,,07/07/2022,2022-07-07,108.587333333333,299.565502892269
188,19115,IRAPE,505.86,14,72,0,72,20.28,85.77,,08/07/2022,2022-07-08,107.529666666667,329.913687822529
189,19115,IRAPE,505.84,16,59,0,59,20.91,85.7,,09/07/2022,2022-07-09,70.4383333333333,365.189453110571
190,19115,IRAPE,505.81,13,48,0,48,20.73,85.62,,10/07/2022,2022-07-10,70.5360833333333,332.687119738297
191,19115,IRAPE,505.78,15,61,0,61,20.16,85.5,,11/07/2022,2022-07-11,106.612666666667,299.876685947811
192,19115,IRAPE,505.74,12,73,0,73,19.78,85.36,,12/07/2022,2022-07-12,108.148583333333,331.205076435355
193,19115,IRAPE,505.7,17,72,0,72,21.2,85.24,,13/07/2022,2022-07-13,108.159958333333,328.722367836298
194,19115,IRAPE,505.63,11,107,0,107,18.82,85.01,,14/07/2022,2022-07-14,159.8445,329.635828540892
195,19115,IRAPE,505.58,14,101,0,101,19.64,84.82,,15/07/2022,2022-07-15,156.047416666667,323.559805119976
196,19115,IRAPE,505.55,12,58,0,58,19.66,84.72,,16/07/2022,2022-07-16,67.68425,368.068585200943
197,19115,IRAPE,505.53,13,48,0,48,20.88,84.67,,17/07/2022,2022-07-17,67.867375,338.957164076055
198,19115,IRAPE,505.47,14,101,0,101,20.1,84.46,,18/07/2022,2022-07-18,152.872791666667,327.152819713324
199,19115,IRAPE,505.4,14,109,0,109,19.92,84.23,,19/07/2022,2022-07-19,169.455583333333,322.247120789665
200,19115,IRAPE,505.34,14,109,0,109,20.33,84,,20/07/2022,2022-07-20,174.076708333333,317.192464772483
201,19115,IRAPE,505.24,16,163,0,163,20.35,83.68,,21/07/2022,2022-07-21,241.801416666667,330.474540989921
202,19115,IRAPE,505.12,15,197,0,197,20.17,83.25,,22/07/2022,2022-07-22,295.666666666667,328.304430432916
203,19115,IRAPE,505.07,14,92,0,92,20.38,83.09,,23/07/2022,2022-07-23,117.319916666667,354.835981554766
204,19115,IRAPE,505.04,13,59,0,59,19.79,82.98,,24/07/2022,2022-07-24,65.80325,373.644740322242
205,19115,IRAPE,504.95,15,151,0,151,20.4,82.68,,25/07/2022,2022-07-25,258.793375,303.038724411623
206,19115,IRAPE,504.81,10,203,0,203,19.41,82.22,,26/07/2022,2022-07-26,302.753458333333,329.107702569656
207,19115,IRAPE,504.65,12,248,0,248,19.82,81.68,,27/07/2022,2022-07-27,369.233041666667,329.248524456852
208,19115,IRAPE,504.49,15,248,0,248,19.02,81.14,,28/07/2022,2022-07-28,366.928958333333,330.18306251503
209,19115,IRAPE,504.37,14,198,0,198,19.23,80.74,,29/07/2022,2022-07-29,292.6185,330.26110675339
210,19115,IRAPE,504.23,12,207,0,207,19.84,80.28,,30/07/2022,2022-07-30,309.943666666667,327.830728833402
211,19115,IRAPE,504.2,14,66,0,66,20.64,80.18,,31/07/2022,2022-07-31,95.5499583333333,333.642456695222
212,19115,IRAPE,504.1,15,173,0,173,21.05,79.83,,01/08/2022,2022-08-01,260.021916666667,327.028682983188
213,19115,IRAPE,503.96,13,211,0,211,19.45,79.37,,02/08/2022,2022-08-02,312.872916666667,329.269261471085
214,19115,IRAPE,503.79,13,251,0,251,19.05,78.8,,03/08/2022,2022-08-03,371.728916666667,329.313480221804
215,19115,IRAPE,503.63,13,248,0,248,19.45,78.25,,04/08/2022,2022-08-04,365.78725,329.865422769146
216,19115,IRAPE,503.47,12,244,0,244,18.86,77.71,,05/08/2022,2022-08-05,353.9235,332.585001412551
217,19115,IRAPE,503.4,11,111,0,111,18.06,77.48,,06/08/2022,2022-08-06,135.476875,359.610704140594
218,19115,IRAPE,503.37,10,50,0,50,17.66,77.38,,07/08/2022,2022-08-07,66.4679166666667,346.757498013026
219,19115,IRAPE,503.26,12,169,0,169,17.46,77.02,,08/08/2022,2022-08-08,264.846333333333,318.634525071763
220,19115,IRAPE,503.12,11,216,0,216,17.66,76.54,,09/08/2022,2022-08-09,317.7855,329.79361010923
221,19115,IRAPE,502.95,14,250,0,250,17.86,75.98,,10/08/2022,2022-08-10,366.899166666667,330.051557111331
222,19115,IRAPE,502.78,12,251,0,251,17.05,75.41,,11/08/2022,2022-08-11,368.145,329.985645044445
223,19115,IRAPE,502.61,11,250,0,250,16.65,74.85,,12/08/2022,2022-08-12,366.810666666667,329.753262063497
224,19115,IRAPE,502.54,11,102,0,102,17.24,74.64,,13/08/2022,2022-08-13,149.412958333333,329.967155192751
225,19115,IRAPE,502.51,9,49,0,49,16.24,74.54,,14/08/2022,2022-08-14,68.1282916666667,338.709288301489
226,19115,IRAPE,502.41,8,167,4,163,16.83,74.18,,15/08/2022,2022-08-15,237.996041666667,330.39493061852
227,19115,IRAPE,502.26,13,214,1,213,16.02,73.7,,16/08/2022,2022-08-16,310.963416666667,330.265697229285
228,19115,IRAPE,502.12,8,198,0,198,15.21,73.24,,17/08/2022,2022-08-17,288.955166666667,330.190801175513
229,19115,IRAPE,502,10,180,0,180,15.8,72.85,,18/08/2022,2022-08-18,261.741333333333,330.689425822651
230,19115,IRAPE,501.9,8,152,0,152,14.78,72.51,,19/08/2022,2022-08-19,221.137625,330.502920146276
231,19115,IRAPE,501.86,8,59,0,59,14.77,72.38,,20/08/2022,2022-08-20,81.7546666666667,338.613113918611
232,19115,IRAPE,501.84,8,48,0,48,15.35,72.3,,21/08/2022,2022-08-21,67.2396666666667,336.807803554397
233,19115,IRAPE,501.74,9,156,0,156,15.34,71.96,,22/08/2022,2022-08-22,226.605166666667,330.608650651091
234,19115,IRAPE,501.63,10,157,0,157,14.32,71.61,,23/08/2022,2022-08-23,228.3215,330.300746770088
235,19115,IRAPE,501.53,10,157,0,157,14.9,71.27,,24/08/2022,2022-08-24,227.043291666667,331.159896386844
236,19115,IRAPE,501.42,3,158,0,158,14.67,70.92,,25/08/2022,2022-08-25,228.188458333333,331.274309882221
237,19115,IRAPE,501.31,6,158,0,158,12.85,70.53,,26/08/2022,2022-08-26,229.136083333333,330.457725899948
238,19115,IRAPE,501.24,4,97,0,97,12.42,70.32,,27/08/2022,2022-08-27,143.798625,326.590492830437
239,19115,IRAPE,501.21,8,53,0,53,12.59,70.21,,28/08/2022,2022-08-28,71.9462916666667,341.284797330089
240,19115,IRAPE,501.09,11,174,0,174,11.76,69.82,,29/08/2022,2022-08-29,251.624541666667,330.721965159311
241,19115,IRAPE,500.97,6,178,0,178,11.93,69.42,,30/08/2022,2022-08-30,259.614916666667,329.141972303498
242,19115,IRAPE,500.84,7,179,0,179,11.29,69,,31/08/2022,2022-08-31,258.769875,330.5280778505
243,19115,IRAPE,500.71,5,179,0,179,11.85,68.59,,01/09/2022,2022-09-01,258.376375,330.657063721115
244,19115,IRAPE,500.6,8,176,0,176,13.01,68.21,,02/09/2022,2022-09-02,253.372583333333,330.99786421193
245,19115,IRAPE,500.48,5,182,0,182,13.97,67.84,,03/09/2022,2022-09-03,262.111541666667,330.812319683773
246,19115,IRAPE,500.37,9,177,0,177,13.92,67.46,,04/09/2022,2022-09-04,256.052916666667,329.942047598136
247,19115,IRAPE,500.25,8,182,0,182,13.28,67.06,,05/09/2022,2022-09-05,262.448416666667,330.364256795572
248,19115,IRAPE,500.13,11,182,0,182,14.23,66.68,,06/09/2022,2022-09-06,262.220208333333,330.391978556695
249,19115,IRAPE,500.06,7,113,0,113,13.58,66.46,,07/09/2022,2022-09-07,161.17125,332.027419833644
250,19115,IRAPE,499.98,6,117,0,117,14.53,66.2,,08/09/2022,2022-09-08,167.243125,331.578181267839
251,19115,IRAPE,499.9,10,115,0,115,15.08,65.96,,09/09/2022,2022-09-09,164.32825,331.555568513799
252,19115,IRAPE,499.81,10,122,0,122,15.83,65.72,,10/09/2022,2022-09-10,174.188625,331.60289910348
253,19115,IRAPE,499.78,10,48,0,48,14.97,65.63,,11/09/2022,2022-09-11,66.1620416666667,337.392712869256
254,19115,IRAPE,499.7,9,112,0,112,14.71,65.4,,12/09/2022,2022-09-12,159.696333333333,331.718564800693
255,19115,IRAPE,499.63,9,109,0,109,15.46,65.2,,13/09/2022,2022-09-13,155.765375,331.273924907397
256,19115,IRAPE,499.54,11,111,0,111,15.6,64.98,,14/09/2022,2022-09-14,158.108583333333,331.730387718729
257,19115,IRAPE,499.47,14,100,0,100,15.93,64.78,,15/09/2022,2022-09-15,160.508375,310.37412142239
258,19115,IRAPE,499.35,9,195,0,195,16.06,64.43,,16/09/2022,2022-09-16,280.5485,329.854682416406
259,19115,IRAPE,499.26,11,111,0,111,15.59,64.19,,17/09/2022,2022-09-17,157.046291666667,332.577858150471
260,19115,IRAPE,499.23,13,51,0,51,16.32,64.1,,18/09/2022,2022-09-18,69.8196666666667,337.945749496374
261,19115,IRAPE,499.08,11,192,0,192,16.85,63.68,,19/09/2022,2022-09-19,275.529666666667,330.015858511376
262,19115,IRAPE,499,13,113,0,113,18.57,63.45,,20/09/2022,2022-09-20,160.506958333333,331.659991509628
263,19115,IRAPE,498.86,16,183,0,183,20.3,63.08,,21/09/2022,2022-09-21,261.637333333333,330.424748362888
264,19115,IRAPE,498.72,22,196,0,196,23.62,62.67,,22/09/2022,2022-09-22,280.322333333333,330.225397457907
265,19115,IRAPE,498.58,25,194,0,194,24.14,62.29,,23/09/2022,2022-09-23,277.218875,330.232980350644
266,19115,IRAPE,498.5,22,112,0,112,24.66,62.07,,24/09/2022,2022-09-24,158.403625,331.878339296418
267,19115,IRAPE,498.47,20,53,0,53,24.99,62,,25/09/2022,2022-09-25,72.459,337.405127970912
268,19115,IRAPE,498.33,12,190,0,190,24.91,61.61,,26/09/2022,2022-09-26,275.585916666667,327.451357831428
269,19115,IRAPE,498.19,19,197,0,197,23.03,61.2,,27/09/2022,2022-09-27,280.933833333333,330.185008732252
270,19115,IRAPE,498.03,16,197,0,197,20.54,60.75,,28/09/2022,2022-09-28,280.632041666667,330.205487194819
271,19115,IRAPE,497.87,16,197,0,197,19.26,60.33,,29/09/2022,2022-09-29,280.554166666667,330.092058262958
272,19115,IRAPE,497.72,14,197,0,197,18.58,59.89,,30/09/2022,2022-09-30,280.157333333333,330.179373861121
273,19115,IRAPE,497.64,13,106,0,106,19.9,59.67,,01/10/2022,2022-10-01,148.872458333333,332.180060930222
274,19115,IRAPE,497.57,16,99,0,99,24.23,59.48,,02/10/2022,2022-10-02,138.750875,332.455618761297
275,19115,IRAPE,497.47,23,137,0,137,26.95,59.21,,03/10/2022,2022-10-03,193.118833333333,331.40105475367
276,19115,IRAPE,497.39,28,130,0,130,30.68,58.97,,04/10/2022,2022-10-04,182.440708333333,332.055775440962
277,19115,IRAPE,497.28,30,137,0,137,35.4,58.67,,05/10/2022,2022-10-05,192.770833333333,331.51031087462
278,19115,IRAPE,497.2,40,137,0,137,41.13,58.45,,06/10/2022,2022-10-06,194.755791666667,329.723382911744
279,19115,IRAPE,497.12,45,137,0,137,43.86,58.23,,07/10/2022,2022-10-07,193.235166666667,330.951016069559
280,19115,IRAPE,497.07,43,95,0,95,47.19,58.11,,08/10/2022,2022-10-08,133.545416666667,331.458783404792
281,19115,IRAPE,497.04,41,72,0,72,45.52,58.02,,09/10/2022,2022-10-09,101.486166666667,330.98241500459
282,19115,IRAPE,496.96,40,137,0,137,42.65,57.8,,10/10/2022,2022-10-10,194.794833333333,329.449809757371
283,19115,IRAPE,496.88,37,134,0,134,35.98,57.57,,11/10/2022,2022-10-11,189.778708333333,330.029676338595
284,19115,IRAPE,496.82,28,99,0,99,31.51,57.4,,12/10/2022,2022-10-12,139.952208333333,330.276024821837
285,19115,IRAPE,496.73,20,131,0,131,28.04,57.14,,13/10/2022,2022-10-13,185.555166666667,329.856981713413
286,19115,IRAPE,496.61,19,154,0,154,23.38,56.83,,14/10/2022,2022-10-14,217.318875,330.360214860141
287,19115,IRAPE,496.54,23,113,0,113,21.11,56.62,,15/10/2022,2022-10-15,158.071458333333,331.739174825481
288,19115,IRAPE,496.51,17,50,0,50,20.44,56.54,,16/10/2022,2022-10-16,66.8789583333333,338.928996710956
289,19115,IRAPE,496.4,17,142,0,142,19.38,56.25,,17/10/2022,2022-10-17,199.690083333333,330.726701410866
290,19115,IRAPE,496.3,14,137,0,137,17.11,55.96,,18/10/2022,2022-10-18,192.210708333333,331.011979939985
291,19115,IRAPE,496.15,14,187,0,187,16.05,55.55,,19/10/2022,2022-10-19,263.479583333333,330.157018041579
292,19115,IRAPE,496.01,12,185,0,185,14.98,55.15,,20/10/2022,2022-10-20,260.038166666667,330.414041804607
293,19115,IRAPE,495.9,12,142,0,142,15.32,54.85,,21/10/2022,2022-10-21,212.493416666667,319.604388921123
294,19115,IRAPE,495.84,12,78,0,78,15.46,54.69,,22/10/2022,2022-10-22,113.566625,324.309844151083
295,19115,IRAPE,495.78,16,82,0,82,16,54.54,,23/10/2022,2022-10-23,109.053125,339.101780291504
296,19115,IRAPE,495.68,15,143,0,143,17.55,54.24,,24/10/2022,2022-10-24,198.873291666667,331.838170042857
297,19115,IRAPE,495.56,19,154,0,154,17.09,53.92,,25/10/2022,2022-10-25,214.905708333333,331.156296751739
298,19115,IRAPE,495.45,16,153,0,153,16.04,53.6,,26/10/2022,2022-10-26,214.194708333333,330.519235528746
299,19115,IRAPE,495.33,12,154,0,154,15.18,53.27,,27/10/2022,2022-10-27,214.318416666667,331.375577162369
300,19115,IRAPE,495.21,17,151,0,151,21.13,52.96,,28/10/2022,2022-10-28,215.013333333333,327.456028702079
301,19115,IRAPE,495.14,3,86,0,86,17.28,52.76,,29/10/2022,2022-10-29,116.900625,334.998922157983
302,19115,IRAPE,495.09,20,79,0,79,24.43,52.62,,30/10/2022,2022-10-30,108.195708333333,333.740617155532
303,19115,IRAPE,494.98,22,152,0,152,50.58,52.32,,31/10/2022,2022-10-31,211.999833333333,330.66534588897
304,19115,IRAPE,494.89,48,154,0,154,75.53,52.07,,01/11/2022,2022-11-01,214.615875,330.708020379716
305,19115,IRAPE,494.95,152,81,0,81,153.49,52.24,,02/11/2022,2022-11-02,110.928583333333,333.609717452063
306,19115,IRAPE,495.03,230,136,0,136,231.44,52.46,,03/11/2022,2022-11-03,189.325833333333,331.025662533438
307,19115,IRAPE,495.09,157,86,0,86,158.4,52.62,,04/11/2022,2022-11-04,118.070125,333.346834996035
308,19115,IRAPE,495.15,121,50,0,50,126.69,52.79,,05/11/2022,2022-11-05,66.3745,338.757607482792
309,19115,IRAPE,495.17,96,51,0,51,97.91,52.85,,06/11/2022,2022-11-06,67.7412916666667,338.686820170928
310,19115,IRAPE,495.19,68,52,0,52,73.27,52.89,,07/11/2022,2022-11-07,69.2729583333333,338.24598578325
311,19115,IRAPE,495.15,58,98,0,98,55.63,52.8,,08/11/2022,2022-11-08,135.753916666667,331.953568518509
312,19115,IRAPE,495.12,52,90,0,90,53.19,52.71,,09/11/2022,2022-11-09,128.759375,326.573120674101
313,19115,IRAPE,495.09,47,94,0,94,39.74,52.62,,10/11/2022,2022-11-10,130.022875,332.131778387273
314,19115,IRAPE,495.03,23,94,0,94,37.1,52.46,,11/11/2022,2022-11-11,129.335291666667,332.933529499995
315,19115,IRAPE,495.02,40,52,0,52,50.46,52.43,,12/11/2022,2022-11-12,68.922875,338.86913053938
316,19115,IRAPE,495.01,39,51,0,51,60.02,52.4,,13/11/2022,2022-11-13,67.8066666666667,338.375803152657
317,19115,IRAPE,495.05,98,51,0,51,98.98,52.51,,14/11/2022,2022-11-14,68.2725,337.339722678298
318,19115,IRAPE,495.17,193,51,0,51,193.94,52.84,,15/11/2022,2022-11-15,68.3215833333334,337.346339601483
